-- 03_dml_realistic_data.sql
-- Realistic sample data for all entities (50 users, posts, channels, rewards, etc.)

-- Categories
INSERT INTO categories (name, description, icon_url) VALUES
('Electronics', 'Gadgets, computers, and accessories', 'icons/electronics.svg'),
('Fashion', 'Men and women clothing', 'icons/fashion.svg'),
('Home', 'Home and kitchen appliances', 'icons/home.svg'),
('Mobiles', 'Smartphones and accessories', 'icons/mobile.svg');

-- Tiers
INSERT INTO tiers (name, price, description) VALUES
('Basic', 0.00, 'Free listing'),
('Premium', 9.99, 'Enhanced visibility'),
('Gold', 29.99, 'Top placement');

-- Users (50 realistic)
INSERT INTO users (username, password_hash, email, referral_code, created_at, preferred_language, role, aadhaar_number_masked, aadhaar_encrypted, isAadhaarVerified, verified_date)
VALUES
('johndoe', '$2b$10$hash1', 'john.doe@gmail.com', 'REF12345', NOW(), 'en', 'normal', 'XXXX-XXXX-1234', 'enc1', TRUE, NOW()),
('janesmith', '$2b$10$hash2', 'jane.smith@gmail.com', 'REF23456', NOW(), 'en', 'premium', 'XXXX-XXXX-5678', 'enc2', TRUE, NOW()),
('alex.lee', '$2b$10$hash3', 'alex.lee@gmail.com', 'REF34567', NOW(), 'en', 'normal', 'XXXX-XXXX-8765', 'enc3', TRUE, NOW()),
('maria.garcia', '$2b$10$hash4', 'maria.garcia@gmail.com', 'REF45678', NOW(), 'en', 'content_creator', 'XXXX-XXXX-4321', 'enc4', TRUE, NOW()),
('david.kumar', '$2b$10$hash5', 'david.kumar@gmail.com', 'REF56789', NOW(), 'en', 'normal', 'XXXX-XXXX-6789', 'enc5', TRUE, NOW()),
('anita.patel', '$2b$10$hash6', 'anita.patel@gmail.com', 'REF67890', NOW(), 'en', 'normal', 'XXXX-XXXX-3456', 'enc6', TRUE, NOW()),
('rohit.sharma', '$2b$10$hash7', 'rohit.sharma@gmail.com', 'REF78901', NOW(), 'en', 'normal', 'XXXX-XXXX-2345', 'enc7', TRUE, NOW()),
('sara.fernandez', '$2b$10$hash8', 'sara.fernandez@gmail.com', 'REF89012', NOW(), 'en', 'premium', 'XXXX-XXXX-9876', 'enc8', TRUE, NOW()),
('liam.wilson', '$2b$10$hash9', 'liam.wilson@gmail.com', 'REF90123', NOW(), 'en', 'normal', 'XXXX-XXXX-8765', 'enc9', TRUE, NOW()),
('priya.singh', '$2b$10$hash10', 'priya.singh@gmail.com', 'REF01234', NOW(), 'en', 'normal', 'XXXX-XXXX-7654', 'enc10', TRUE, NOW()),
('arjun.mehta', '$2b$10$hash11', 'arjun.mehta@gmail.com', 'REF11223', NOW(), 'en', 'normal', 'XXXX-XXXX-6543', 'enc11', TRUE, NOW()),
('emma.brown', '$2b$10$hash12', 'emma.brown@gmail.com', 'REF12234', NOW(), 'en', 'normal', 'XXXX-XXXX-5432', 'enc12', TRUE, NOW()),
('vivek.rana', '$2b$10$hash13', 'vivek.rana@gmail.com', 'REF13245', NOW(), 'en', 'normal', 'XXXX-XXXX-4321', 'enc13', TRUE, NOW()),
('lucy.martin', '$2b$10$hash14', 'lucy.martin@gmail.com', 'REF14256', NOW(), 'en', 'normal', 'XXXX-XXXX-3210', 'enc14', TRUE, NOW()),
('nisha.jain', '$2b$10$hash15', 'nisha.jain@gmail.com', 'REF15267', NOW(), 'en', 'normal', 'XXXX-XXXX-2109', 'enc15', TRUE, NOW()),
('harsh.vyas', '$2b$10$hash16', 'harsh.vyas@gmail.com', 'REF16278', NOW(), 'en', 'normal', 'XXXX-XXXX-1098', 'enc16', TRUE, NOW()),
('oliver.king', '$2b$10$hash17', 'oliver.king@gmail.com', 'REF17289', NOW(), 'en', 'normal', 'XXXX-XXXX-0987', 'enc17', TRUE, NOW()),
('meera.rao', '$2b$10$hash18', 'meera.rao@gmail.com', 'REF18290', NOW(), 'en', 'normal', 'XXXX-XXXX-9876', 'enc18', TRUE, NOW()),
('ethan.scott', '$2b$10$hash19', 'ethan.scott@gmail.com', 'REF19201', NOW(), 'en', 'normal', 'XXXX-XXXX-8765', 'enc19', TRUE, NOW()),
('sneha.menon', '$2b$10$hash20', 'sneha.menon@gmail.com', 'REF20212', NOW(), 'en', 'normal', 'XXXX-XXXX-7654', 'enc20', TRUE, NOW()),
('ravi.pillai', '$2b$10$hash21', 'ravi.pillai@gmail.com', 'REF21223', NOW(), 'en', 'normal', 'XXXX-XXXX-6543', 'enc21', TRUE, NOW()),
('sophia.joseph', '$2b$10$hash22', 'sophia.joseph@gmail.com', 'REF22234', NOW(), 'en', 'normal', 'XXXX-XXXX-5432', 'enc22', TRUE, NOW()),
('manish.gupta', '$2b$10$hash23', 'manish.gupta@gmail.com', 'REF23245', NOW(), 'en', 'normal', 'XXXX-XXXX-4321', 'enc23', TRUE, NOW()),
('isabel.morris', '$2b$10$hash24', 'isabel.morris@gmail.com', 'REF24256', NOW(), 'en', 'normal', 'XXXX-XXXX-3210', 'enc24', TRUE, NOW()),
('aditya.singh', '$2b$10$hash25', 'aditya.singh@gmail.com', 'REF25267', NOW(), 'en', 'normal', 'XXXX-XXXX-2109', 'enc25', TRUE, NOW()),
('maya.patel', '$2b$10$hash26', 'maya.patel@gmail.com', 'REF26278', NOW(), 'en', 'normal', 'XXXX-XXXX-1098', 'enc26', TRUE, NOW()),
('aarav.shah', '$2b$10$hash27', 'aarav.shah@gmail.com', 'REF27289', NOW(), 'en', 'normal', 'XXXX-XXXX-0987', 'enc27', TRUE, NOW()),
('elena.fernandez', '$2b$10$hash28', 'elena.fernandez@gmail.com', 'REF28290', NOW(), 'en', 'normal', 'XXXX-XXXX-9876', 'enc28', TRUE, NOW()),
('krishna.nair', '$2b$10$hash29', 'krishna.nair@gmail.com', 'REF29201', NOW(), 'en', 'normal', 'XXXX-XXXX-8765', 'enc29', TRUE, NOW()),
('sahil.kapoor', '$2b$10$hash30', 'sahil.kapoor@gmail.com', 'REF30212', NOW(), 'en', 'normal', 'XXXX-XXXX-7654', 'enc30', TRUE, NOW()),
('riya.chopra', '$2b$10$hash31', 'riya.chopra@gmail.com', 'REF31223', NOW(), 'en', 'normal', 'XXXX-XXXX-6543', 'enc31', TRUE, NOW()),
('daniel.jones', '$2b$10$hash32', 'daniel.jones@gmail.com', 'REF32234', NOW(), 'en', 'normal', 'XXXX-XXXX-5432', 'enc32', TRUE, NOW()),
('shruti.singh', '$2b$10$hash33', 'shruti.singh@gmail.com', 'REF33245', NOW(), 'en', 'normal', 'XXXX-XXXX-4321', 'enc33', TRUE, NOW()),
('vishal.patel', '$2b$10$hash34', 'vishal.patel@gmail.com', 'REF34256', NOW(), 'en', 'normal', 'XXXX-XXXX-3210', 'enc34', TRUE, NOW()),
('tanya.verma', '$2b$10$hash35', 'tanya.verma@gmail.com', 'REF35267', NOW(), 'en', 'normal', 'XXXX-XXXX-2109', 'enc35', TRUE, NOW()),
('arvind.mishra', '$2b$10$hash36', 'arvind.mishra@gmail.com', 'REF36278', NOW(), 'en', 'normal', 'XXXX-XXXX-1098', 'enc36', TRUE, NOW()),
('susan.roy', '$2b$10$hash37', 'susan.roy@gmail.com', 'REF37289', NOW(), 'en', 'normal', 'XXXX-XXXX-0987', 'enc37', TRUE, NOW()),
('deepak.singh', '$2b$10$hash38', 'deepak.singh@gmail.com', 'REF38290', NOW(), 'en', 'normal', 'XXXX-XXXX-9876', 'enc38', TRUE, NOW()),
('nina.pillai', '$2b$10$hash39', 'nina.pillai@gmail.com', 'REF39201', NOW(), 'en', 'normal', 'XXXX-XXXX-8765', 'enc39', TRUE, NOW()),
('karthik.ram', '$2b$10$hash40', 'karthik.ram@gmail.com', 'REF40212', NOW(), 'en', 'normal', 'XXXX-XXXX-7654', 'enc40', TRUE, NOW()),
('sanjay.gupta', '$2b$10$hash41', 'sanjay.gupta@gmail.com', 'REF41223', NOW(), 'en', 'normal', 'XXXX-XXXX-6543', 'enc41', TRUE, NOW()),
('megha.sharma', '$2b$10$hash42', 'megha.sharma@gmail.com', 'REF42234', NOW(), 'en', 'normal', 'XXXX-XXXX-5432', 'enc42', TRUE, NOW()),
('rakesh.patel', '$2b$10$hash43', 'rakesh.patel@gmail.com', 'REF43245', NOW(), 'en', 'normal', 'XXXX-XXXX-4321', 'enc43', TRUE, NOW()),
('sara.jain', '$2b$10$hash44', 'sara.jain@gmail.com', 'REF44256', NOW(), 'en', 'normal', 'XXXX-XXXX-3210', 'enc44', TRUE, NOW()),
('amit.kumar', '$2b$10$hash45', 'amit.kumar@gmail.com', 'REF45267', NOW(), 'en', 'normal', 'XXXX-XXXX-2109', 'enc45', TRUE, NOW()),
('jaya.nair', '$2b$10$hash46', 'jaya.nair@gmail.com', 'REF46278', NOW(), 'en', 'normal', 'XXXX-XXXX-1098', 'enc46', TRUE, NOW()),
('vijay.menon', '$2b$10$hash47', 'vijay.menon@gmail.com', 'REF47289', NOW(), 'en', 'normal', 'XXXX-XXXX-0987', 'enc47', TRUE, NOW()),
('snehal.patel', '$2b$10$hash48', 'snehal.patel@gmail.com', 'REF48290', NOW(), 'en', 'normal', 'XXXX-XXXX-9876', 'enc48', TRUE, NOW()),
('manoj.shah', '$2b$10$hash49', 'manoj.shah@gmail.com', 'REF49201', NOW(), 'en', 'normal', 'XXXX-XXXX-8765', 'enc49', TRUE, NOW()),
('radhika.gupta', '$2b$10$hash50', 'radhika.gupta@gmail.com', 'REF50212', NOW(), 'en', 'normal', 'XXXX-XXXX-7654', 'enc50', TRUE, NOW());

-- Profiles (50)
INSERT INTO profiles (user_id, full_name, phone, address, avatar_url, bio, verified) VALUES
(1, 'John Doe', '9876543210', '123 Main St, Mumbai', NULL, 'Tech enthusiast', TRUE),
(2, 'Jane Smith', '9123456789', '456 Park Ave, Delhi', NULL, 'Fashion lover', TRUE),
(3, 'Alex Lee', '9988776655', '789 Lake Rd, Bangalore', NULL, 'Home chef', TRUE),
(4, 'Maria Garcia', '9001122334', '321 River St, Pune', NULL, 'Mobile reviewer', TRUE),
(5, 'David Kumar', '9090909090', '654 Hill St, Hyderabad', NULL, 'Gadget geek', TRUE),
(6, 'Anita Patel', '9012345678', '111 Green St, Ahmedabad', NULL, 'Food blogger', TRUE),
(7, 'Rohit Sharma', '9023456789', '222 Red St, Jaipur', NULL, 'Cricket fan', TRUE),
(8, 'Sara Fernandez', '9034567890', '333 Blue St, Kolkata', NULL, 'Artist', TRUE),
(9, 'Liam Wilson', '9045678901', '444 Yellow St, Chennai', NULL, 'Photographer', TRUE),
(10, 'Priya Singh', '9056789012', '555 Orange St, Lucknow', NULL, 'Teacher', TRUE),
(11, 'Arjun Mehta', '9067890123', '666 Purple St, Indore', NULL, 'Musician', TRUE),
(12, 'Emma Brown', '9078901234', '777 Pink St, Surat', NULL, 'Designer', TRUE),
(13, 'Vivek Rana', '9089012345', '888 White St, Bhopal', NULL, 'Entrepreneur', TRUE),
(14, 'Lucy Martin', '9090123456', '999 Black St, Chandigarh', NULL, 'Writer', TRUE),
(15, 'Nisha Jain', '9101234567', '101 Silver St, Goa', NULL, 'Dancer', TRUE),
(16, 'Harsh Vyas', '9112345678', '202 Gold St, Mysore', NULL, 'Engineer', TRUE),
(17, 'Oliver King', '9123456789', '303 Bronze St, Patna', NULL, 'Doctor', TRUE),
(18, 'Meera Rao', '9134567890', '404 Copper St, Ranchi', NULL, 'Lawyer', TRUE),
(19, 'Ethan Scott', '9145678901', '505 Steel St, Guwahati', NULL, 'Pilot', TRUE),
(20, 'Sneha Menon', '9156789012', '606 Iron St, Thiruvananthapuram', NULL, 'Nurse', TRUE),
(21, 'Ravi Pillai', '9167890123', '707 Lead St, Varanasi', NULL, 'Chef', TRUE),
(22, 'Sophia Joseph', '9178901234', '808 Zinc St, Madurai', NULL, 'Artist', TRUE),
(23, 'Manish Gupta', '9189012345', '909 Tin St, Nashik', NULL, 'Businessman', TRUE),
(24, 'Isabel Morris', '9190123456', '1011 Nickel St, Jodhpur', NULL, 'Student', TRUE),
(25, 'Aditya Singh', '9201234567', '1112 Platinum St, Agra', NULL, 'Architect', TRUE),
(26, 'Maya Patel', '9212345678', '1213 Diamond St, Kanpur', NULL, 'Model', TRUE),
(27, 'Aarav Shah', '9223456789', '1314 Ruby St, Amritsar', NULL, 'Actor', TRUE),
(28, 'Elena Fernandez', '9234567890', '1415 Sapphire St, Meerut', NULL, 'Singer', TRUE),
(29, 'Krishna Nair', '9245678901', '1516 Emerald St, Udaipur', NULL, 'Artist', TRUE),
(30, 'Sahil Kapoor', '9256789012', '1617 Topaz St, Siliguri', NULL, 'Athlete', TRUE),
(31, 'Riya Chopra', '9267890123', '1718 Opal St, Gwalior', NULL, 'Chef', TRUE),
(32, 'Daniel Jones', '9278901234', '1819 Pearl St, Jamshedpur', NULL, 'Engineer', TRUE),
(33, 'Shruti Singh', '9289012345', '1920 Coral St, Kota', NULL, 'Doctor', TRUE),
(34, 'Vishal Patel', '9290123456', '2021 Amber St, Bareilly', NULL, 'Lawyer', TRUE),
(35, 'Tanya Verma', '9301234567', '2122 Jade St, Aligarh', NULL, 'Pilot', TRUE),
(36, 'Arvind Mishra', '9312345678', '2223 Garnet St, Moradabad', NULL, 'Nurse', TRUE),
(37, 'Susan Roy', '9323456789', '2324 Quartz St, Saharanpur', NULL, 'Businesswoman', TRUE),
(38, 'Deepak Singh', '9334567890', '2425 Onyx St, Dhanbad', NULL, 'Student', TRUE),
(39, 'Nina Pillai', '9345678901', '2526 Lapis St, Nellore', NULL, 'Architect', TRUE),
(40, 'Karthik Ram', '9356789012', '2627 Agate St, Kakinada', NULL, 'Model', TRUE),
(41, 'Sanjay Gupta', '9367890123', '2728 Jasper St, Bhavnagar', NULL, 'Actor', TRUE),
(42, 'Megha Sharma', '9378901234', '2829 Turquoise St, Bikaner', NULL, 'Singer', TRUE),
(43, 'Rakesh Patel', '9389012345', '2930 Citrine St, Bilaspur', NULL, 'Artist', TRUE),
(44, 'Sara Jain', '9390123456', '3031 Spinel St, Jhansi', NULL, 'Athlete', TRUE),
(45, 'Amit Kumar', '9401234567', '3132 Tanzanite St, Panipat', NULL, 'Chef', TRUE),
(46, 'Jaya Nair', '9412345678', '3233 Peridot St, Rohtak', NULL, 'Engineer', TRUE),
(47, 'Vijay Menon', '9423456789', '3334 Moonstone St, Sonipat', NULL, 'Doctor', TRUE),
(48, 'Snehal Patel', '9434567890', '3435 Alexandrite St, Karnal', NULL, 'Lawyer', TRUE),
(49, 'Manoj Shah', '9445678901', '3536 Zircon St, Hisar', NULL, 'Pilot', TRUE),
(50, 'Radhika Gupta', '9456789012', '3637 Beryl St, Ambala', NULL, 'Nurse', TRUE);

-- Posts
INSERT INTO posts (user_id, category_id, tier_id, title, description, price, original_price, condition, age, location, status, views, latitude, longitude, created_at)
VALUES
(1, 1, 2, 'Samsung Galaxy S23', 'Brand new, sealed box', 65000, 70000, 'New', '0 years', 'Mumbai', 'active', 12, 19.0760, 72.8777, NOW()),
(2, 2, 1, 'Sofa Set', 'Comfortable 3-seater', 15000, 20000, 'Used', '2 years', 'Delhi', 'active', 8, 28.7041, 77.1025, NOW()),
(3, 3, 3, 'Kitchen Mixer', 'Barely used, works perfectly', 3500, 5000, 'Used', '1 year', 'Bangalore', 'sold', 20, 12.9716, 77.5946, NOW()),
(4, 4, 2, 'Designer Dress', 'Worn once, excellent condition', 2500, 4000, 'Used', '0 years', 'Pune', 'active', 5, 18.5204, 73.8567, NOW()),
(5, 1, 1, 'iPhone 14 Pro', 'Excellent condition, with bill', 90000, 105000, 'Used', '1 year', 'Hyderabad', 'active', 15, 17.3850, 78.4867, NOW()),
(6, 2, 2, 'MacBook Air M2', 'Lightly used, great battery life', 85000, 95000, 'Used', '1 year', 'Delhi', 'active', 10, 28.6139, 77.2090, NOW()),
(7, 3, 1, 'Dining Table', 'Solid wood, seats 6', 30000, 35000, 'New', '0 years', 'Bangalore', 'active', 7, 12.9716, 77.5946, NOW()),
(8, 4, 3, 'Leather Jacket', 'Genuine leather, size M', 12000, 15000, 'Used', '1 year', 'Pune', 'active', 6, 18.5204, 73.8567, NOW()),
(9, 1, 2, 'Sony WH-1000XM4', 'Noise-cancelling headphones', 25000, 30000, 'New', '0 years', 'Mumbai', 'active', 14, 19.0760, 72.8777, NOW()),
(10, 2, 1, 'Washing Machine', '8 kg capacity, top load', 20000, 25000, 'Used', '3 years', 'Delhi', 'active', 9, 28.7041, 77.1025, NOW()),
(11, 3, 3, 'Air Fryer', 'Healthy cooking, 5L capacity', 8000, 10000, 'Used', '1 year', 'Bangalore', 'sold', 18, 12.9716, 77.5946, NOW()),
(12, 4, 2, 'Formal Shoes', 'Black leather, size 10', 5000, 7000, 'Used', '0 years', 'Pune', 'active', 4, 18.5204, 73.8567, NOW()),
(13, 1, 1, 'Google Pixel 7', 'Unlocked, excellent condition', 60000, 70000, 'Used', '1 year', 'Hyderabad', 'active', 11, 17.3850, 78.4867, NOW()),
(14, 2, 2, 'HP Pavilion x360', 'Convertible laptop, 14 inch', 70000, 80000, 'Used', '1 year', 'Delhi', 'active', 13, 28.6139, 77.2090, NOW()),
(15, 3, 1, 'Coffee Table', 'Glass top, modern design', 15000, 20000, 'New', '0 years', 'Bangalore', 'active', 7, 12.9716, 77.5946, NOW()),
(16, 4, 3, 'Winter Coat', 'Warm and stylish, size L', 18000, 22000, 'Used', '1 year', 'Pune', 'active', 5, 18.5204, 73.8567, NOW()),
(17, 1, 2, 'Bose SoundLink', 'Portable Bluetooth speaker', 30000, 35000, 'New', '0 years', 'Mumbai', 'active', 16, 19.0760, 72.8777, NOW()),
(18, 2, 1, 'Refrigerator', 'Double door, 345L', 25000, 30000, 'Used', '4 years', 'Delhi', 'active', 8, 28.7041, 77.1025, NOW()),
(19, 3, 3, 'Blender', 'Smoothies and soups, 700W', 6000, 8000, 'Used', '1 year', 'Bangalore', 'sold', 22, 12.9716, 77.5946, NOW()),
(20, 4, 2, 'Sunglasses', 'UV protection, polarized', 3000, 5000, 'Used', '0 years', 'Pune', 'active', 3, 18.5204, 73.8567, NOW()),
(21, 1, 1, 'OnePlus 11', 'Dual SIM, 256GB storage', 55000, 65000, 'Used', '1 year', 'Hyderabad', 'active', 17, 17.3850, 78.4867, NOW()),
(22, 2, 2, 'Dell Inspiron 15', '15.6 inch, i5 processor', 65000, 75000, 'Used', '1 year', 'Delhi', 'active', 12, 28.6139, 77.2090, NOW()),
(23, 3, 1, 'Bookshelf', 'Wooden, 5-tier', 12000, 15000, 'New', '0 years', 'Bangalore', 'active', 6, 12.9716, 77.5946, NOW()),
(24, 4, 3, 'Scarf', 'Wool blend, various colors', 2000, 3000, 'Used', '0 years', 'Pune', 'active', 4, 18.5204, 73.8567, NOW()),
(25, 1, 2, 'Kindle Paperwhite', 'Waterproof, 8GB', 10000, 12000, 'New', '0 years', 'Mumbai', 'active', 19, 19.0760, 72.8777, NOW()),
(26, 2, 1, 'Microwave Oven', 'Convection, 28L', 18000, 22000, 'Used', '3 years', 'Delhi', 'active', 10, 28.7041, 77.1025, NOW()),
(27, 3, 3, 'Toaster', '2-slice, stainless steel', 4000, 6000, 'Used', '1 year', 'Bangalore', 'sold', 25, 12.9716, 77.5946, NOW()),
(28, 4, 2, 'Cap', 'Baseball cap, adjustable', 1500, 2500, 'Used', '0 years', 'Pune', 'active', 2, 18.5204, 73.8567, NOW()),
(29, 1, 1, 'Xiaomi Redmi Note 11', '64GB, dual SIM', 15000, 20000, 'Used', '1 year', 'Hyderabad', 'active', 20, 17.3850, 78.4867, NOW()),
(30, 2, 2, 'Lenovo Yoga 7i', '14 inch, i7 processor', 90000, 100000, 'Used', '1 year', 'Delhi', 'active', 14, 28.6139, 77.2090, NOW()),
(31, 3, 1, 'Nightstand', 'Wooden, with drawer', 8000, 10000, 'New', '0 years', 'Bangalore', 'active', 8, 12.9716, 77.5946, NOW()),
(32, 4, 3, 'Beanie', 'Knit, various colors', 1200, 1800, 'Used', '0 years', 'Pune', 'active', 3, 18.5204, 73.8567, NOW()),
(33, 1, 2, 'Apple Watch Series 8', 'GPS, 41mm', 30000, 35000, 'New', '0 years', 'Mumbai', 'active', 21, 19.0760, 72.8777, NOW()),
(34, 2, 1, 'Dishwasher', 'Front control, stainless steel', 40000, 45000, 'Used', '2 years', 'Delhi', 'active', 11, 28.7041, 77.1025, NOW()),
(35, 3, 3, 'Pressure Cooker', '5L, aluminum', 3000, 5000, 'Used', '1 year', 'Bangalore', 'sold', 30, 12.9716, 77.5946, NOW()),
(36, 4, 2, 'Gloves', 'Leather, size L', 2500, 3500, 'Used', '0 years', 'Pune', 'active', 5, 18.5204, 73.8567, NOW()),
(37, 1, 1, 'Samsung Galaxy Buds2', 'True wireless, noise cancelling', 15000, 20000, 'Used', '1 year', 'Hyderabad', 'active', 22, 17.3850, 78.4867, NOW()),
(38, 2, 2, 'Acer Aspire 7', '15.6 inch, Ryzen 5', 70000, 80000, 'Used', '1 year', 'Delhi', 'active', 15, 28.6139, 77.2090, NOW()),
(39, 3, 1, 'Wall Art', 'Framed, abstract painting', 10000, 12000, 'New', '0 years', 'Bangalore', 'active', 9, 12.9716, 77.5946, NOW()),
(40, 4, 3, 'Umbrella', 'Compact, windproof', 1500, 2500, 'Used', '0 years', 'Pune', 'active', 4, 18.5204, 73.8567, NOW()),
(41, 1, 2, 'Google Nest Hub', 'Smart display with Google Assistant', 8000, 10000, 'New', '0 years', 'Mumbai', 'active', 23, 19.0760, 72.8777, NOW()),
(42, 2, 1, 'Electric Kettle', '1.5L, stainless steel', 3000, 4000, 'Used', '2 years', 'Delhi', 'active', 12, 28.7041, 77.1025, NOW()),
(43, 3, 3, 'Slow Cooker', '3.5L, programmable', 7000, 9000, 'Used', '1 year', 'Bangalore', 'sold', 35, 12.9716, 77.5946, NOW()),
(44, 4, 2, 'Handbag', 'Leather, brown', 8000, 12000, 'Used', '0 years', 'Pune', 'active', 6, 18.5204, 73.8567, NOW()),
(45, 1, 1, 'iPad Air', '64GB, Wi-Fi', 40000, 45000, 'Used', '1 year', 'Hyderabad', 'active', 24, 17.3850, 78.4867, NOW()),
(46, 2, 2, 'Asus ZenBook 14', '14 inch, i5 processor', 75000, 85000, 'Used', '1 year', 'Delhi', 'active', 16, 28.6139, 77.2090, NOW()),
(47, 3, 1, 'Desk Lamp', 'LED, adjustable brightness', 3000, 5000, 'New', '0 years', 'Bangalore', 'active', 10, 12.9716, 77.5946, NOW()),
(48, 4, 3, 'Raincoat', 'Waterproof, size L', 2500, 3500, 'Used', '0 years', 'Pune', 'active', 3, 18.5204, 73.8567, NOW()),
(49, 1, 2, 'Fitbit Charge 5', 'Fitness tracker, GPS', 20000, 25000, 'New', '0 years', 'Mumbai', 'active', 25, 19.0760, 72.8777, NOW()),
(50, 2, 1, 'Oven Toaster Griller', 'OTG, 28L', 12000, 15000, 'Used', '3 years', 'Delhi', 'active', 8, 28.7041, 77.1025, NOW());

-- Post Images
INSERT INTO post_images (post_id, image_url) VALUES
(1, 'products/galaxy-s23.png'),
(2, 'products/sofa.png'),
(3, 'products/mixer.png'),
(4, 'products/dress.png'),
(5, 'products/iphone14pro.png'),
(6, 'products/macbook_air_m2.png'),
(7, 'products/dining_table.png'),
(8, 'products/leather_jacket.png'),
(9, 'products/sony_wh1000xm4.png'),
(10, 'products/washing_machine.png'),
(11, 'products/air_fryer.png'),
(12, 'products/formal_shoes.png'),
(13, 'products/google_pixel_7.png'),
(14, 'products/dell_inspiron_15.png'),
(15, 'products/coffee_table.png'),
(16, 'products/winter_coat.png'),
(17, 'products/bose_soundlink.png'),
(18, 'products/refrigerator.png'),
(19, 'products/blender.png'),
(20, 'products/sunglasses.png'),
(21, 'products/oneplus_11.png'),
(22, 'products/lenovo_yoga_7i.png'),
(23, 'products/bookshelf.png'),
(24, 'products/scarf.png'),
(25, 'products/kindle_paperwhite.png'),
(26, 'products/microwave_oven.png'),
(27, 'products/toaster.png'),
(28, 'products/cap.png'),
(29, 'products/xiaomi_redmi_note_11.png'),
(30, 'products/asus_zenbook_14.png'),
(31, 'products/desk_lamp.png'),
(32, 'products/raincoat.png'),
(33, 'products/fitbit_charge_5.png'),
(34, 'products/oven_toaster_griller.png');

-- Sales
INSERT INTO sales (post_id, buyer_id, sale_status, created_at)
VALUES
(3, 2, 'completed', NOW()),
(6, 4, 'completed', NOW()),
(11, 5, 'completed', NOW()),
(13, 3, 'completed', NOW()),
(18, 1, 'completed', NOW()),
(21, 4, 'completed', NOW()),
(25, 2, 'completed', NOW()),
(29, 5, 'completed', NOW()),
(33, 1, 'completed', NOW()),
(38, 3, 'completed', NOW()),
(41, 2, 'completed', NOW()),
(45, 4, 'completed', NOW()),
(49, 5, 'completed', NOW());

-- Sale Transitions
INSERT INTO sale_transitions (sale_id, old_status, new_status, changed_by, changed_at)
VALUES
(1, 'pending', 'completed', 2, NOW()),
(2, 'pending', 'completed', 4, NOW()),
(3, 'pending', 'completed', 5, NOW()),
(4, 'pending', 'completed', 3, NOW()),
(5, 'pending', 'completed', 1, NOW()),
(6, 'pending', 'completed', 4, NOW()),
(7, 'pending', 'completed', 2, NOW()),
(8, 'pending', 'completed', 5, NOW()),
(9, 'pending', 'completed', 1, NOW()),
(10, 'pending', 'completed', 3, NOW()),
(11, 'pending', 'completed', 2, NOW()),
(12, 'pending', 'completed', 4, NOW()),
(13, 'pending', 'completed', 5, NOW());

-- Rewards
INSERT INTO rewards (user_id, points, last_updated)
VALUES
(1, 100, NOW()),
(2, 150, NOW()),
(3, 120, NOW()),
(4, 200, NOW()),
(5, 80, NOW()),
(6, 90, NOW()),
(7, 110, NOW()),
(8, 130, NOW()),
(9, 140, NOW()),
(10, 160, NOW()),
(11, 170, NOW()),
(12, 190, NOW()),
(13, 210, NOW()),
(14, 220, NOW()),
(15, 240, NOW()),
(16, 250, NOW()),
(17, 270, NOW()),
(18, 280, NOW()),
(19, 300, NOW()),
(20, 320, NOW()),
(21, 330, NOW()),
(22, 350, NOW()),
(23, 360, NOW()),
(24, 380, NOW()),
(25, 400, NOW()),
(26, 420, NOW()),
(27, 430, NOW()),
(28, 450, NOW()),
(29, 460, NOW()),
(30, 480, NOW()),
(31, 490, NOW()),
(32, 510, NOW()),
(33, 520, NOW()),
(34, 540, NOW()),
(35, 550, NOW()),
(36, 570, NOW()),
(37, 580, NOW()),
(38, 600, NOW()),
(39, 620, NOW()),
(40, 630, NOW()),
(41, 650, NOW()),
(42, 660, NOW()),
(43, 680, NOW()),
(44, 690, NOW()),
(45, 700, NOW()),
(46, 720, NOW()),
(47, 730, NOW()),
(48, 750, NOW()),
(49, 760, NOW()),
(50, 780, NOW());

-- Reward Log
INSERT INTO reward_log (user_id, points, reason, related_user_id, created_at)
VALUES
(1, 50, 'post_creation', NULL, NOW()),
(2, 100, 'direct_referral', 1, NOW()),
(3, 30, 'indirect_referral', 2, NOW()),
(4, 70, 'post_creation', NULL, NOW()),
(5, 20, 'signup', NULL, NOW()),
(6, 40, 'post_creation', NULL, NOW()),
(7, 90, 'direct_referral', 3, NOW()),
(8, 60, 'indirect_referral', 4, NOW()),
(9, 10, 'signup', NULL, NOW()),
(10, 80, 'post_creation', NULL, NOW()),
(11, 110, 'direct_referral', 5, NOW()),
(12, 120, 'indirect_referral', 1, NOW()),
(13, 130, 'post_creation', NULL, NOW()),
(14, 140, 'direct_referral', 2, NOW()),
(15, 150, 'indirect_referral', 3, NOW()),
(16, 160, 'post_creation', NULL, NOW()),
(17, 170, 'direct_referral', 4, NOW()),
(18, 180, 'indirect_referral', 5, NOW()),
(19, 190, 'post_creation', NULL, NOW()),
(20, 200, 'direct_referral', 1, NOW()),
(21, 210, 'indirect_referral', 2, NOW()),
(22, 220, 'post_creation', NULL, NOW()),
(23, 230, 'direct_referral', 3, NOW()),
(24, 240, 'indirect_referral', 4, NOW()),
(25, 250, 'post_creation', NULL, NOW()),
(26, 260, 'direct_referral', 5, NOW()),
(27, 270, 'indirect_referral', 1, NOW()),
(28, 280, 'post_creation', NULL, NOW()),
(29, 290, 'direct_referral', 2, NOW()),
(30, 300, 'indirect_referral', 3, NOW()),
(31, 310, 'post_creation', NULL, NOW()),
(32, 320, 'direct_referral', 4, NOW()),
(33, 330, 'indirect_referral', 5, NOW()),
(34, 340, 'post_creation', NULL, NOW()),
(35, 350, 'direct_referral', 1, NOW()),
(36, 360, 'indirect_referral', 2, NOW()),
(37, 370, 'post_creation', NULL, NOW()),
(38, 380, 'direct_referral', 3, NOW()),
(39, 390, 'indirect_referral', 4, NOW()),
(40, 400, 'post_creation', NULL, NOW()),
(41, 410, 'direct_referral', 5, NOW()),
(42, 420, 'indirect_referral', 1, NOW()),
(43, 430, 'post_creation', NULL, NOW()),
(44, 440, 'direct_referral', 2, NOW()),
(45, 450, 'indirect_referral', 3, NOW()),
(46, 460, 'post_creation', NULL, NOW()),
(47, 470, 'direct_referral', 4, NOW()),
(48, 480, 'indirect_referral', 5, NOW()),
(49, 490, 'post_creation', NULL, NOW()),
(50, 500, 'direct_referral', 1, NOW());

-- Channels
INSERT INTO channels (user_id, name, username, bio, profile_pic, category_id, logo_url, cover_url, contact_info, location, status, created_at)
VALUES
(2, 'JaneFashion', 'janefashion', 'Latest fashion trends', NULL, 2, NULL, NULL, 'jane.smith@gmail.com', 'Delhi', 'active', NOW()),
(4, 'MariaMobiles', 'mariamobiles', 'Mobile reviews and tips', NULL, 1, NULL, NULL, 'maria.garcia@gmail.com', 'Pune', 'active', NOW()),
(6, 'AnitaEats', 'anitaeats', 'Delicious recipes and food tips', NULL, 3, NULL, NULL, 'anita.patel@gmail.com', 'Ahmedabad', 'active', NOW()),
(8, 'RohitCricket', 'rohitcricket', 'All about cricket', NULL, 4, NULL, NULL, 'rohit.sharma@gmail.com', 'Jaipur', 'active', NOW()),
(10, 'PriyaTeaches', 'priyateaches', 'Educational content and tutoring', NULL, 2, NULL, NULL, 'priya.singh@gmail.com', 'Lucknow', 'active', NOW()),
(12, 'EmmaDesigns', 'emmacreates', 'Fashion and graphic design', NULL, 1, NULL, NULL, 'emma.brown@gmail.com', 'Surat', 'active', NOW()),
(14, 'VivekBiz', 'vivekbiz', 'Entrepreneurship and business tips', NULL, 3, NULL, NULL, 'vivek.rana@gmail.com', 'Bhopal', 'active', NOW()),
(16, 'LucyWrites', 'lucywrites', 'Author and poet', NULL, 4, NULL, NULL, 'lucy.martin@gmail.com', 'Chandigarh', 'active', NOW()),
(18, 'EthanAviation', 'ethanscott', 'Aviation enthusiast and pilot', NULL, 1, NULL, NULL, 'ethan.scott@gmail.com', 'Guwahati', 'active', NOW()),
(20, 'SnehaNurse', 'snehamenon', 'Healthcare tips and nursing', NULL, 2, NULL, NULL, 'sneha.menon@gmail.com', 'Thiruvananthapuram', 'active', NOW()),
(22, 'RaviChef', 'ravipillai', 'Culinary expert and chef', NULL, 3, NULL, NULL, 'ravi.pillai@gmail.com', 'Varanasi', 'active', NOW()),
(24, 'SophiaArt', 'sophiajoseph', 'Art and creativity', NULL, 4, NULL, NULL, 'sophia.joseph@gmail.com', 'Madurai', 'active', NOW()),
(26, 'ManishBiz', 'manishgupta', 'Business insights and strategies', NULL, 1, NULL, NULL, 'manish.gupta@gmail.com', 'Nashik', 'active', NOW()),
(28, 'IsabelStudent', 'isabelmorris', 'Student life and studies', NULL, 2, NULL, NULL, 'isabel.morris@gmail.com', 'Jodhpur', 'active', NOW()),
(30, 'AdityaArch', 'adityasingh', 'Architecture and design', NULL, 3, NULL, NULL, 'aditya.singh@gmail.com', 'Agra', 'active', NOW()),
(32, 'MayaModel', 'mayapatel', 'Fashion modeling and tips', NULL, 4, NULL, NULL, 'maya.patel@gmail.com', 'Kanpur', 'active', NOW()),
(34, 'AaravActor', 'aaravshah', 'Acting and film industry', NULL, 1, NULL, NULL, 'aarav.shah@gmail.com', 'Amritsar', 'active', NOW()),
(36, 'ElenaSinger', 'elenamfernandez', 'Singing and music', NULL, 2, NULL, NULL, 'elena.fernandez@gmail.com', 'Meerut', 'active', NOW()),
(38, 'KrishnaArt', 'krishnanair', 'Art and culture', NULL, 3, NULL, NULL, 'krishna.nair@gmail.com', 'Udaipur', 'active', NOW()),
(40, 'SahilFit', 'sahilkapoor', 'Fitness and wellness', NULL, 4, NULL, NULL, 'sahil.kapoor@gmail.com', 'Siliguri', 'active', NOW()),
(42, 'RiyaChef', 'riyachopra', 'Culinary skills and recipes', NULL, 1, NULL, NULL, 'riya.chopra@gmail.com', 'Gwalior', 'active', NOW()),
(44, 'DanielEngineer', 'danieljones', 'Engineering and technology', NULL, 2, NULL, NULL, 'daniel.jones@gmail.com', 'Jamshedpur', 'active', NOW()),
(46, 'ShrutiDoc', 'shruti.singh', 'Medical professional and advice', NULL, 3, NULL, NULL, 'shruti.singh@gmail.com', 'Kota', 'active', NOW()),
(48, 'VishalLaw', 'vishalpatel', 'Legal advice and services', NULL, 4, NULL, NULL, 'vishal.patel@gmail.com', 'Bareilly', 'active', NOW()),
(50, 'TanyaPilot', 'tanyaverma', 'Aviation and travel', NULL, 1, NULL, NULL, 'tanya.verma@gmail.com', 'Aligarh', 'active', NOW());

-- Channel Followers
INSERT INTO channel_followers (channel_id, user_id, followed_at)
VALUES
(1, 1, NOW()),
(1, 3, NOW()),
(2, 5, NOW()),
(3, 7, NOW()),
(4, 9, NOW()),
(5, 11, NOW()),
(6, 13, NOW()),
(7, 15, NOW()),
(8, 17, NOW()),
(9, 19, NOW()),
(10, 21, NOW()),
(11, 23, NOW()),
(12, 25, NOW()),
(13, 27, NOW()),
(14, 29, NOW()),
(15, 31, NOW()),
(16, 33, NOW()),
(17, 35, NOW()),
(18, 37, NOW()),
(19, 39, NOW()),
(20, 41, NOW()),
(21, 43, NOW()),
(22, 45, NOW()),
(23, 47, NOW()),
(24, 49, NOW());

-- Aadhaar Verification Logs
INSERT INTO aadhaar_verification_logs (user_id, request_id, request_type, status, created_at)
VALUES
(1, 'REQ001', 'verify', 'success', NOW()),
(2, 'REQ002', 'verify', 'success', NOW()),
(3, 'REQ003', 'verify', 'success', NOW()),
(4, 'REQ004', 'verify', 'success', NOW()),
(5, 'REQ005', 'verify', 'success', NOW()),
(6, 'REQ006', 'verify', 'success', NOW()),
(7, 'REQ007', 'verify', 'success', NOW()),
(8, 'REQ008', 'verify', 'success', NOW()),
(9, 'REQ009', 'verify', 'success', NOW()),
(10, 'REQ010', 'verify', 'success', NOW()),
(11, 'REQ011', 'verify', 'success', NOW()),
(12, 'REQ012', 'verify', 'success', NOW()),
(13, 'REQ013', 'verify', 'success', NOW()),
(14, 'REQ014', 'verify', 'success', NOW()),
(15, 'REQ015', 'verify', 'success', NOW()),
(16, 'REQ016', 'verify', 'success', NOW()),
(17, 'REQ017', 'verify', 'success', NOW()),
(18, 'REQ018', 'verify', 'success', NOW()),
(19, 'REQ019', 'verify', 'success', NOW()),
(20, 'REQ020', 'verify', 'success', NOW()),
(21, 'REQ021', 'verify', 'success', NOW()),
(22, 'REQ022', 'verify', 'success', NOW()),
(23, 'REQ023', 'verify', 'success', NOW()),
(24, 'REQ024', 'verify', 'success', NOW()),
(25, 'REQ025', 'verify', 'success', NOW()),
(26, 'REQ026', 'verify', 'success', NOW()),
(27, 'REQ027', 'verify', 'success', NOW()),
(28, 'REQ028', 'verify', 'success', NOW()),
(29, 'REQ029', 'verify', 'success', NOW()),
(30, 'REQ030', 'verify', 'success', NOW()),
(31, 'REQ031', 'verify', 'success', NOW()),
(32, 'REQ032', 'verify', 'success', NOW()),
(33, 'REQ033', 'verify', 'success', NOW()),
(34, 'REQ034', 'verify', 'success', NOW()),
(35, 'REQ035', 'verify', 'success', NOW()),
(36, 'REQ036', 'verify', 'success', NOW()),
(37, 'REQ037', 'verify', 'success', NOW()),
(38, 'REQ038', 'verify', 'success', NOW()),
(39, 'REQ039', 'verify', 'success', NOW()),
(40, 'REQ040', 'verify', 'success', NOW()),
(41, 'REQ041', 'verify', 'success', NOW()),
(42, 'REQ042', 'verify', 'success', NOW()),
(43, 'REQ043', 'verify', 'success', NOW()),
(44, 'REQ044', 'verify', 'success', NOW()),
(45, 'REQ045', 'verify', 'success', NOW()),
(46, 'REQ046', 'verify', 'success', NOW()),
(47, 'REQ047', 'verify', 'success', NOW()),
(48, 'REQ048', 'verify', 'success', NOW()),
(49, 'REQ049', 'verify', 'success', NOW()),
(50, 'REQ050', 'verify', 'success', NOW());

-- Audit Log
INSERT INTO audit_log (user_id, action, details, created_at)
VALUES
(1, 'CREATE_USER', 'Created user johndoe', NOW()),
(2, 'CREATE_POST', 'Created post Sofa Set', NOW()),
(3, 'UPDATE_PROFILE', 'Updated profile for John Doe', NOW()),
(4, 'DELETE_POST', 'Deleted post iPhone 14 Pro', NOW()),
(5, 'CREATE_CHANNEL', 'Created channel JaneFashion', NOW()),
(6, 'FOLLOW_CHANNEL', 'Followed channel MariaMobiles', NOW()),
(7, 'UNFOLLOW_CHANNEL', 'Unfollowed channel JaneFashion', NOW()),
(8, 'CREATE_REWARD', 'Created reward points for John Doe', NOW()),
(9, 'REDEEM_REWARD', 'Redeemed 50 points', NOW()),
(10, 'VERIFY_AADHAAR', 'Aadhaar verification successful', NOW()),
(11, 'CREATE_USER', 'Created user janesmith', NOW()),
(12, 'CREATE_POST', 'Created post Samsung Galaxy S23', NOW()),
(13, 'UPDATE_PROFILE', 'Updated profile for Jane Smith', NOW()),
(14, 'DELETE_POST', 'Deleted post Galaxy S23', NOW()),
(15, 'CREATE_CHANNEL', 'Created channel MariaMobiles', NOW()),
(16, 'FOLLOW_CHANNEL', 'Followed channel JaneFashion', NOW()),
(17, 'UNFOLLOW_CHANNEL', 'Unfollowed channel MariaMobiles', NOW()),
(18, 'CREATE_REWARD', 'Created reward points for Jane Smith', NOW()),
(19, 'REDEEM_REWARD', 'Redeemed 100 points', NOW()),
(20, 'VERIFY_AADHAAR', 'Aadhaar verification successful', NOW()),
(21, 'CREATE_USER', 'Created user alex.lee', NOW()),
(22, 'CREATE_POST', 'Created post iPhone 14 Pro', NOW()),
(23, 'UPDATE_PROFILE', 'Updated profile for Alex Lee', NOW()),
(24, 'DELETE_POST', 'Deleted post iPhone 14 Pro', NOW()),
(25, 'CREATE_CHANNEL', 'Created channel AlexTech', NOW()),
(26, 'FOLLOW_CHANNEL', 'Followed channel MariaMobiles', NOW()),
(27, 'UNFOLLOW_CHANNEL', 'Unfollowed channel JaneFashion', NOW()),
(28, 'CREATE_REWARD', 'Created reward points for Alex Lee', NOW()),
(29, 'REDEEM_REWARD', 'Redeemed 150 points', NOW()),
(30, 'VERIFY_AADHAAR', 'Aadhaar verification successful', NOW()),
(31, 'CREATE_USER', 'Created user maria.garcia', NOW()),
(32, 'CREATE_POST', 'Created post Designer Dress', NOW()),
(33, 'UPDATE_PROFILE', 'Updated profile for Maria Garcia', NOW()),
(34, 'DELETE_POST', 'Deleted post Designer Dress', NOW()),
(35, 'CREATE_CHANNEL', 'Created channel MariaMobiles', NOW()),
(36, 'FOLLOW_CHANNEL', 'Followed channel JaneFashion', NOW()),
(37, 'UNFOLLOW_CHANNEL', 'Unfollowed channel MariaMobiles', NOW()),
(38, 'CREATE_REWARD', 'Created reward points for Maria Garcia', NOW()),
(39, 'REDEEM_REWARD', 'Redeemed 200 points', NOW()),
(40, 'VERIFY_AADHAAR', 'Aadhaar verification successful', NOW()),
(41, 'CREATE_USER', 'Created user david.kumar', NOW()),
(42, 'CREATE_POST', 'Created post iPhone 14 Pro', NOW()),
(43, 'UPDATE_PROFILE', 'Updated profile for David Kumar', NOW()),
(44, 'DELETE_POST', 'Deleted post iPhone 14 Pro', NOW()),
(45, 'CREATE_CHANNEL', 'Created channel TechGuru', NOW()),
(46, 'FOLLOW_CHANNEL', 'Followed channel MariaMobiles', NOW()),
(47, 'UNFOLLOW_CHANNEL', 'Unfollowed channel JaneFashion', NOW()),
(48, 'CREATE_REWARD', 'Created reward points for David Kumar', NOW()),
(49, 'REDEEM_REWARD', 'Redeemed 80 points', NOW()),
(50, 'VERIFY_AADHAAR', 'Aadhaar verification successful', NOW());

-- Feedback
INSERT INTO feedback (user_id, message) VALUES
(1, 'Great platform! Very easy to use.'),
(2, 'Would love to see more categories.'),
(3, 'Support team was very helpful.'),
(4, 'Mobile experience is smooth.'),
(5, 'Rewards system is motivating!');

-- User Dashboard Stats
INSERT INTO user_dashboard_stats (user_id, posts_count, rewards_count, followers_count, last_login) VALUES
(1, 5, 2, 10, CURRENT_TIMESTAMP),
(2, 3, 1, 7, CURRENT_TIMESTAMP),
(3, 8, 3, 15, CURRENT_TIMESTAMP),
(4, 2, 1, 5, CURRENT_TIMESTAMP),
(5, 6, 2, 12, CURRENT_TIMESTAMP);

-- Preferences
INSERT INTO preferences (user_id, language, notifications_enabled, theme) VALUES
(1, 'en', TRUE, 'light'),
(2, 'hi', TRUE, 'dark'),
(3, 'en', FALSE, 'light'),
(4, 'en', TRUE, 'light'),
(5, 'hi', TRUE, 'dark');

-- Notifications
INSERT INTO notifications (user_id, message, is_read) VALUES
(1, 'Welcome to Mhub!', FALSE),
(2, 'Your post was featured!', FALSE),
(3, 'You earned a reward.', TRUE),
(4, 'New follower on your channel.', FALSE),
(5, 'Your post received 100 views!', TRUE);

-- Complaints
INSERT INTO complaints (user_id, message, status) VALUES
(1, 'Received wrong product', 'open'),
(2, 'Payment not processed', 'open'),
(3, 'Product not as described', 'closed'),
(4, 'Delayed delivery', 'open'),
(5, 'App crashed during checkout', 'open');
